threadsPerBlock,blocksPerGrid,Outime,gputime,Intime,gputime_tot,diff,cputime,savetime
2,10240000,29.8907,24.5447,52.6923,107.128,0.0242313,56.959,0.531692
8,2560000,15.4946,7.55389,57.6531,80.7016,3.9988e-05,56.9583,0.705789
16,1280000,14.1822,4.62736,52.0741,70.8837,2.26481e-05,56.8365,0.801828
64,320000,12.6872,2.0735,57.4868,72.2475,1.28899e-05,57.0604,0.789791
256,80000,11.8913,2.54858,52.59,67.0299,9.51196e-08,56.9048,0.848947
1024,20000,12.2315,3.65936,58.2494,74.1402,4.63253e-06,57.3824,0.773971
